{
  "train_losses": [
    0.022667792585232983,
    0.02190882271911571,
    0.021732925518375378,
    0.02099415281470325,
    0.021263625685368544,
    0.02109223967620536,
    0.020750323165397065,
    0.02049543765252051,
    0.02034300072726024,
    0.020635328954085708,
    0.02036445053881439,
    0.02023366159098088,
    0.019487753169665088,
    0.019987847829790975,
    0.020012700692345592,
    0.019349633861144168,
    0.01935483696634301,
    0.01880771488852232,
    0.01963804700695302,
    0.018668025269753474
  ],
  "val_losses": [
    0.028289114215200948,
    0.025983938406552037,
    0.025169078891556108,
    0.02450421752948915,
    0.024387758014903914,
    0.02478344558227447,
    0.024522428641155843,
    0.023984951778284965,
    0.024287295437628222,
    0.02316243907496814,
    0.02270263514571613,
    0.031224055350908348,
    0.023101048964646556,
    0.022847612478560018,
    0.022912091665690946,
    0.02197185399070863,
    0.022294696360345808,
    0.023430327884852886,
    0.02171518951053581,
    0.02525224880645833
  ]
}