{
  "train_losses": [
    0.7761148029649761,
    0.3058380732234095,
    0.17583900060452207,
    0.13848947009570162,
    0.12212052532065083,
    0.11490723637627884,
    0.11168715751297037,
    0.1104108026434838,
    0.10963406996198104,
    0.10719198906715487,
    0.10766318057414512,
    0.10738164509161258,
    0.10579625223304184,
    0.10643713876709972,
    0.10694496955355288,
    0.10734332804109009,
    0.10842758511573496,
    0.1074192779479732,
    0.10512088005706458,
    0.10392492188429328,
    0.10389340590213386,
    0.10366467289416723,
    0.10466448750189493,
    0.10530824780883924,
    0.10537786293827311
  ],
  "val_losses": [
    0.4563966877758503,
    0.2804476749151945,
    0.24954247754067183,
    0.250222728587687,
    0.25721674086526036,
    0.2643488575704396,
    0.2708138672169298,
    0.27610169257968664,
    0.27962247538380325,
    0.2816889784298837,
    0.28469569981098175,
    0.28574274317361414,
    0.28804284194484353,
    0.28803155245259404,
    0.28667435282841325,
    0.2865363103337586,
    0.28586143138818443,
    0.28680462087504566,
    0.2860725743230432,
    0.2849841166753322,
    0.28430550917983055,
    0.28526688856072724,
    0.28382603893987834,
    0.2846533029805869,
    0.2846609333064407
  ]
}