{
  "train_losses": [
    0.18609817235560064,
    0.10879360650941519,
    0.10774657089578014,
    0.10226078999136955,
    0.10010103349455855,
    0.09221450682781951,
    0.07966973778175217,
    0.07692162888977204,
    0.06848777848308985,
    0.06380208355413985,
    0.06327164351520403,
    0.06111331419809393,
    0.060517822254554064,
    0.05873495842080931,
    0.06014379248364081,
    0.05943628625524506,
    0.056054676148358365,
    0.05915896308241071,
    0.0586918964457344,
    0.06155910379004101,
    0.05760171010919755,
    0.056393789657076795,
    0.05564146375441006,
    0.05416005468127173,
    0.05755377692682013
  ],
  "val_losses": [
    0.3083018696634099,
    0.28583992598578334,
    0.2631547769997269,
    0.25345017365179956,
    0.2547967459540814,
    0.30393486365210265,
    0.3311966343317181,
    0.334962350432761,
    0.4182102131890133,
    0.40292241040151566,
    0.4588866566773504,
    0.3920676847919822,
    0.4604480230482295,
    0.4697187541751191,
    0.43209692533127964,
    0.4341869888594374,
    0.5513027757988311,
    0.4883879116969183,
    0.4462945372797549,
    0.5347978339996189,
    0.5825931303552352,
    0.40996496356092393,
    0.5206068407278508,
    0.536183214513585,
    0.5710365850827657
  ]
}