{
  "train_losses": [
    0.8790464104634326,
    0.3145721559699678,
    0.25273072309968597,
    0.21152791070147148,
    0.18996171236603182,
    0.16514342592508308,
    0.15149882174498663,
    0.13777562492125406,
    0.12798066691482238,
    0.12025579065084457,
    0.10837462456164201,
    0.10034532230612225,
    0.09574299695861849,
    0.08980764664038662,
    0.08420716602161032,
    0.07951247690342614,
    0.07280742844028212,
    0.07005772089929942,
    0.06705199457457846,
    0.06268439356290616
  ],
  "val_losses": [
    0.2541720283528169,
    0.1784569745262464,
    0.15304862118015686,
    0.11690777322898309,
    0.09913533398260672,
    0.08322763411949079,
    0.06680172557632129,
    0.0697611168337365,
    0.05460043577477336,
    0.0423836475238204,
    0.042739976585532226,
    0.03822073976819714,
    0.03350576098697881,
    0.033392636493469276,
    0.04122111030543844,
    0.025239082674185436,
    0.029757266243298847,
    0.024412170712215204,
    0.017728444926130276,
    0.016706041797685128
  ]
}