{
  "nhead4_nlayers6": {
    "train_losses": [
      0.8812,
      0.3232,
      0.254,
      0.2177,
      0.1903
    ],
    "val_losses": [
      0.2564,
      0.1795,
      0.161,
      0.1142,
      0.1009
    ]
  },
  "nhead4_nlayers12": {
    "train_losses": [
      2.9273,
      2.7818,
      2.4524,
      2.4264,
      2.8433
    ],
    "val_losses": [
      2.9145,
      2.4496,
      2.4124,
      2.4112,
      2.842
    ]
  },
  "nhead8_nlayers6": {
    "train_losses": [
      0.8782842105598812,
      0.3196680546513101,
      0.2506978238857753,
      0.21226453018414465,
      0.1904925660923194
    ],
    "val_losses": [
      0.2739648961772521,
      0.1674048906813065,
      0.13403805686781803,
      0.11211494045952956,
      0.14361661082754532
    ]
  },
  "nhead8_nlayers12": {
    "train_losses": [
      2.928440454446874,
      2.757691837600057,
      2.725628544369015,
      2.900106775817148,
      2.8998155017599676
    ],
    "val_losses": [
      2.914124290148417,
      2.444519599278768,
      2.895744373401006,
      2.8983811934789023,
      2.9135460952917733
    ]
  },
  "nhead12_nlayers6": {
    "train_losses": [
      0.8582244158073624,
      0.2989767062438043,
      0.24015207532175345,
      0.1972884101819653,
      0.17341518257325295
    ],
    "val_losses": [
      0.2680090280870597,
      0.17953085464735827,
      0.13918624663104615,
      0.10695194049427907,
      0.11174021878590186
    ]
  },
  "nhead12_nlayers12": {
    "train_losses": [
      2.929109270538764,
      2.920309889373056,
      2.915173952048424,
      2.9126286020776107,
      2.913669823470274
    ],
    "val_losses": [
      2.917082200447718,
      2.8975124657154083,
      2.905133088429769,
      2.9149122138818107,
      2.912370423475901
    ]
  }
}