{
  "train_losses": [
    1.2075231746888497,
    1.173346586630378,
    1.1451820437337312,
    1.1219028805343199,
    1.1005801012818242,
    1.0580938802638524,
    1.0414617750006663,
    1.0171169470733321,
    0.9853005669486354,
    0.9680660367012024,
    0.9495028685516035,
    0.9249498155755056,
    0.8968350752978258,
    0.8691418397594506,
    0.8442238468519399,
    0.8350845457802356,
    0.8141273780607842,
    0.7930765907529375,
    0.7705244438748964,
    0.7522760193112871,
    0.7307459015241811,
    0.716726411396349,
    0.7068235714670638,
    0.6827296967237768,
    0.6697562068281039
  ],
  "val_losses": [
    1.208187997341156,
    1.1798695027828217,
    1.1517877578735352,
    1.1243974268436432,
    1.097456470131874,
    1.071353979408741,
    1.0456177964806557,
    1.0205226615071297,
    0.9960889220237732,
    0.9721668511629105,
    0.9487131461501122,
    0.9258572608232498,
    0.9035439640283585,
    0.8819143772125244,
    0.860979899764061,
    0.8403883576393127,
    0.8202638849616051,
    0.8006891459226608,
    0.7815842404961586,
    0.7630292326211929,
    0.7450707405805588,
    0.7273988276720047,
    0.7104075029492378,
    0.693803958594799,
    0.6776325330138206
  ]
}