{
  "train_losses": [
    0.20041370624001476,
    0.1189210196228131,
    0.11873965232592562,
    0.1189519597041974,
    0.11812761214062356,
    0.11744368079023948,
    0.11799562181872518,
    0.11699530157004145,
    0.11801291585130536,
    0.11638498151053984,
    0.11678723660230204,
    0.11709316578977134,
    0.11553783020328569,
    0.11719754343663437,
    0.11694248810923402,
    0.11628889725071148,
    0.11487741729217595,
    0.11556344272811776,
    0.11637901140889828,
    0.11435698741453065,
    0.11456775797558004,
    0.11396169313567056,
    0.11372705960673267,
    0.11360483115835898,
    0.114665980639773
  ],
  "val_losses": [
    0.18016454685599573,
    0.18703648357862426,
    0.19067068602288922,
    0.1902880612159929,
    0.1884856753411793,
    0.1891663642299752,
    0.1899957817889029,
    0.18983319702167664,
    0.18985396190997092,
    0.19002770602462754,
    0.18644485856977203,
    0.1869605000941984,
    0.18397646012806124,
    0.18809742005842348,
    0.18368369839604823,
    0.18189920226652775,
    0.18469622394730967,
    0.1820903970829902,
    0.18521811728996615,
    0.18408081145776856,
    0.18359437170288256,
    0.17928404859717814,
    0.18004258667990083,
    0.17929192019566412,
    0.17714533137698327
  ]
}