{
  "train_losses": [
    0.4294809117229376,
    0.1643771721581042,
    0.11509870813826575,
    0.08853978229515651,
    0.06957109618914012,
    0.055702987403703344,
    0.04458567543643648,
    0.03652016678712542,
    0.029681582324395793,
    0.023347186949047832,
    0.02067488335930081,
    0.01744314119419992,
    0.015301627598074153,
    0.013381968056929303,
    0.01163912825944388,
    0.012295772024438208,
    0.009174406631144747,
    0.008177020975640539,
    0.007486419350726829,
    0.008064698443144117
  ],
  "val_losses": [
    0.10308334660594878,
    0.0570822424336296,
    0.0414445753938154,
    0.049229725972627814,
    0.0171574729990781,
    0.011414035329716686,
    0.006440752542719407,
    0.0058369098102127245,
    0.002446465597882786,
    0.0022876866594584576,
    0.00198267905722352,
    0.002534907904033468,
    0.00160066604661077,
    0.0010031302671173446,
    0.0009693164038253599,
    0.0007176452267942849,
    0.0008356762298163907,
    0.0008528829229085798,
    0.0005316357076125038,
    0.0007588565234903439
  ]
}