{
  "nhead12_nlayers6": {
    "train_losses": [
      0.4260580061894396,
      0.1646565844885249,
      0.11601683307565065,
      0.08816880213573647,
      0.070592170279779
    ],
    "val_losses": [
      0.1107220773625633,
      0.05852224588718103,
      0.04442130871441053,
      0.03852162852316447,
      0.029530153690796833
    ]
  },
  "nhead12_nlayers9": {
    "train_losses": [
      0.5660120286047459,
      0.16744863499261906,
      0.11892962274883968,
      0.09214580390188429,
      0.07212510271726744
    ],
    "val_losses": [
      0.1359862980797239,
      0.06176706958238198,
      0.05014957078611073,
      0.029925612570798916,
      0.02356209594796857
    ]
  },
  "nhead12_nlayers12": {
    "train_losses": [
      2.9082851398394305,
      2.7939343893009685,
      2.7514187506431544,
      2.771152216743156,
      2.8939626167937753
    ],
    "val_losses": [
      2.6717415866644485,
      2.627790948619013,
      2.630247810612554,
      2.891759989054307,
      2.8747355860212576
    ]
  }
}